{
    "available_space": true,
    "id": "t1",
    "size_max": 47.32544231414795,
    "size_mean": 10.556038856506348,
    "size_min": 1.5574378967285156,
    "total_size": 559.4700593948364
}