{
    "available_space": true,
    "id": "t1",
    "size_max": 47.32544231414795,
    "size_mean": 10.465191699840405,
    "size_min": 1.5574378967285156,
    "total_size": 565.1203517913818
}