{
    "available_space": false,
    "id": "t1",
    "size_max": 47.32544231414795,
    "size_mean": 10.084343554249713,
    "size_min": 1.2078323364257812,
    "total_size": 3620.279335975647
}