{
    "available_space": true,
    "id": "t1",
    "size_max": 47.32544231414795,
    "size_mean": 10.25449163871899,
    "size_min": 1.5574378967285156,
    "total_size": 584.5060234069824
}